--------------------------------------------------------
--  파일이 생성됨 - 수요일-7월-12-2017   
--------------------------------------------------------
--------------------------------------------------------
--  DDL for Table BOARD
--------------------------------------------------------

  CREATE TABLE "BMS_CYH"."BOARD" 
   (	"NUM" NUMBER(5,0), 
	"WRITER" VARCHAR2(20 BYTE), 
	"SUBJECT" VARCHAR2(50 BYTE) DEFAULT '제목이 없습니다.', 
	"PASSWD" VARCHAR2(10 BYTE), 
	"CONTENT" VARCHAR2(1000 BYTE), 
	"READCNT" NUMBER(5,0) DEFAULT 0, 
	"REF" NUMBER(5,0) DEFAULT 0, 
	"REF_STEP" NUMBER(5,0) DEFAULT 0, 
	"REF_LEVEL" NUMBER(5,0) DEFAULT 0, 
	"REG_DATE" TIMESTAMP (6) DEFAULT sysdate
   ) SEGMENT CREATION IMMEDIATE 
  PCTFREE 10 PCTUSED 40 INITRANS 1 MAXTRANS 255 NOCOMPRESS LOGGING
  STORAGE(INITIAL 65536 NEXT 1048576 MINEXTENTS 1 MAXEXTENTS 2147483645
  PCTINCREASE 0 FREELISTS 1 FREELIST GROUPS 1 BUFFER_POOL DEFAULT FLASH_CACHE DEFAULT CELL_FLASH_CACHE DEFAULT)
  TABLESPACE "USERS" ;
--------------------------------------------------------
--  DDL for Table BOOK
--------------------------------------------------------

  CREATE TABLE "BMS_CYH"."BOOK" 
   (	"ISBN" VARCHAR2(260 BYTE), 
	"TITLE" VARCHAR2(1280 BYTE), 
	"SUBTITLE" VARCHAR2(1280 BYTE), 
	"AUTHOR" VARCHAR2(2600 BYTE), 
	"TRANS" VARCHAR2(2600 BYTE), 
	"PUBLISHER" VARCHAR2(260 BYTE), 
	"DATE1" DATE, 
	"ORIGIN" VARCHAR2(2560 BYTE), 
	"PRICE" VARCHAR2(260 BYTE), 
	"PERCENT" VARCHAR2(100 BYTE), 
	"POINT" VARCHAR2(260 BYTE), 
	"CATEGORY" VARCHAR2(260 BYTE), 
	"COUNT" VARCHAR2(260 BYTE)
   ) SEGMENT CREATION IMMEDIATE 
  PCTFREE 10 PCTUSED 40 INITRANS 1 MAXTRANS 255 NOCOMPRESS LOGGING
  STORAGE(INITIAL 65536 NEXT 1048576 MINEXTENTS 1 MAXEXTENTS 2147483645
  PCTINCREASE 0 FREELISTS 1 FREELIST GROUPS 1 BUFFER_POOL DEFAULT FLASH_CACHE DEFAULT CELL_FLASH_CACHE DEFAULT)
  TABLESPACE "USERS" ;
--------------------------------------------------------
--  DDL for Table GUEST
--------------------------------------------------------

  CREATE TABLE "BMS_CYH"."GUEST" 
   (	"GUESTNUM" NUMBER(8,0), 
	"GUESTID" VARCHAR2(10 BYTE), 
	"GUESTPW" VARCHAR2(20 BYTE), 
	"GUESTNAME" VARCHAR2(10 BYTE), 
	"GUESTBIRTH" DATE, 
	"GUESTADDR" VARCHAR2(200 BYTE), 
	"GUESTEMAIL" VARCHAR2(20 BYTE)
   ) SEGMENT CREATION IMMEDIATE 
  PCTFREE 10 PCTUSED 40 INITRANS 1 MAXTRANS 255 NOCOMPRESS LOGGING
  STORAGE(INITIAL 65536 NEXT 1048576 MINEXTENTS 1 MAXEXTENTS 2147483645
  PCTINCREASE 0 FREELISTS 1 FREELIST GROUPS 1 BUFFER_POOL DEFAULT FLASH_CACHE DEFAULT CELL_FLASH_CACHE DEFAULT)
  TABLESPACE "USERS" ;
--------------------------------------------------------
--  DDL for Table SALESINFO
--------------------------------------------------------

  CREATE TABLE "BMS_CYH"."SALESINFO" 
   (	"SALESNUM" NUMBER(8,0), 
	"GUESTID" VARCHAR2(20 BYTE), 
	"SALESDAY" DATE DEFAULT sysdate, 
	"ISBN" VARCHAR2(100 BYTE), 
	"SALESSTOCK" NUMBER(4,0), 
	"STATE" VARCHAR2(1 BYTE), 
	"CLOSING" NUMBER(20,0)
   ) SEGMENT CREATION IMMEDIATE 
  PCTFREE 10 PCTUSED 40 INITRANS 1 MAXTRANS 255 NOCOMPRESS LOGGING
  STORAGE(INITIAL 65536 NEXT 1048576 MINEXTENTS 1 MAXEXTENTS 2147483645
  PCTINCREASE 0 FREELISTS 1 FREELIST GROUPS 1 BUFFER_POOL DEFAULT FLASH_CACHE DEFAULT CELL_FLASH_CACHE DEFAULT)
  TABLESPACE "USERS" ;
REM INSERTING into BMS_CYH.BOARD
SET DEFINE OFF;
Insert into BMS_CYH.BOARD (NUM,WRITER,SUBJECT,PASSWD,CONTENT,READCNT,REF,REF_STEP,REF_LEVEL,REG_DATE) values (68,'1','12','12','12',3,64,0,0,to_timestamp('17/07/04 06:55:21.000000000','RR/MM/DD HH24:MI:SSXFF'));
Insert into BMS_CYH.BOARD (NUM,WRITER,SUBJECT,PASSWD,CONTENT,READCNT,REF,REF_STEP,REF_LEVEL,REG_DATE) values (72,'1','13','1','13',0,64,2,1,to_timestamp('17/07/04 07:03:16.000000000','RR/MM/DD HH24:MI:SSXFF'));
Insert into BMS_CYH.BOARD (NUM,WRITER,SUBJECT,PASSWD,CONTENT,READCNT,REF,REF_STEP,REF_LEVEL,REG_DATE) values (73,'1','77','1','77',1,64,1,1,to_timestamp('17/07/04 07:06:17.000000000','RR/MM/DD HH24:MI:SSXFF'));
Insert into BMS_CYH.BOARD (NUM,WRITER,SUBJECT,PASSWD,CONTENT,READCNT,REF,REF_STEP,REF_LEVEL,REG_DATE) values (74,'1','22','1','22',2,74,0,0,to_timestamp('17/07/04 07:10:36.000000000','RR/MM/DD HH24:MI:SSXFF'));
Insert into BMS_CYH.BOARD (NUM,WRITER,SUBJECT,PASSWD,CONTENT,READCNT,REF,REF_STEP,REF_LEVEL,REG_DATE) values (75,'1','23','1','23',1,74,1,1,to_timestamp('17/07/04 07:10:49.000000000','RR/MM/DD HH24:MI:SSXFF'));
Insert into BMS_CYH.BOARD (NUM,WRITER,SUBJECT,PASSWD,CONTENT,READCNT,REF,REF_STEP,REF_LEVEL,REG_DATE) values (61,'1','1','1','1',0,1,0,0,to_timestamp('17/07/04 06:22:46.000000000','RR/MM/DD HH24:MI:SSXFF'));
Insert into BMS_CYH.BOARD (NUM,WRITER,SUBJECT,PASSWD,CONTENT,READCNT,REF,REF_STEP,REF_LEVEL,REG_DATE) values (67,'1','5','5','5',4,64,0,0,to_timestamp('17/07/04 06:53:02.000000000','RR/MM/DD HH24:MI:SSXFF'));
Insert into BMS_CYH.BOARD (NUM,WRITER,SUBJECT,PASSWD,CONTENT,READCNT,REF,REF_STEP,REF_LEVEL,REG_DATE) values (69,'1','15','1','15',0,64,5,1,to_timestamp('17/07/04 06:57:26.000000000','RR/MM/DD HH24:MI:SSXFF'));
Insert into BMS_CYH.BOARD (NUM,WRITER,SUBJECT,PASSWD,CONTENT,READCNT,REF,REF_STEP,REF_LEVEL,REG_DATE) values (63,'1','1','1','1',1,1,0,0,to_timestamp('17/07/04 06:28:04.000000000','RR/MM/DD HH24:MI:SSXFF'));
Insert into BMS_CYH.BOARD (NUM,WRITER,SUBJECT,PASSWD,CONTENT,READCNT,REF,REF_STEP,REF_LEVEL,REG_DATE) values (41,'host','1','1','1',2,1,0,0,to_timestamp('17/06/28 14:31:33.000000000','RR/MM/DD HH24:MI:SSXFF'));
Insert into BMS_CYH.BOARD (NUM,WRITER,SUBJECT,PASSWD,CONTENT,READCNT,REF,REF_STEP,REF_LEVEL,REG_DATE) values (42,'host','2','2','2',0,1,1,1,to_timestamp('17/06/28 14:31:41.000000000','RR/MM/DD HH24:MI:SSXFF'));
Insert into BMS_CYH.BOARD (NUM,WRITER,SUBJECT,PASSWD,CONTENT,READCNT,REF,REF_STEP,REF_LEVEL,REG_DATE) values (64,'1','1','1','1',3,64,0,0,to_timestamp('17/07/04 06:46:45.000000000','RR/MM/DD HH24:MI:SSXFF'));
Insert into BMS_CYH.BOARD (NUM,WRITER,SUBJECT,PASSWD,CONTENT,READCNT,REF,REF_STEP,REF_LEVEL,REG_DATE) values (44,'1','관리자 삭제1','host','관리자에 의해 삭제된 글입니다.',10,43,1,1,to_timestamp('17/06/28 14:32:07.000000000','RR/MM/DD HH24:MI:SSXFF'));
Insert into BMS_CYH.BOARD (NUM,WRITER,SUBJECT,PASSWD,CONTENT,READCNT,REF,REF_STEP,REF_LEVEL,REG_DATE) values (65,'1','2','2','2',18,64,0,0,to_timestamp('17/07/04 06:46:59.000000000','RR/MM/DD HH24:MI:SSXFF'));
Insert into BMS_CYH.BOARD (NUM,WRITER,SUBJECT,PASSWD,CONTENT,READCNT,REF,REF_STEP,REF_LEVEL,REG_DATE) values (70,'1','16','1','16',0,64,4,1,to_timestamp('17/07/04 06:59:47.000000000','RR/MM/DD HH24:MI:SSXFF'));
Insert into BMS_CYH.BOARD (NUM,WRITER,SUBJECT,PASSWD,CONTENT,READCNT,REF,REF_STEP,REF_LEVEL,REG_DATE) values (76,'1','123','1','123',0,76,0,0,to_timestamp('17/07/05 10:44:37.000000000','RR/MM/DD HH24:MI:SSXFF'));
Insert into BMS_CYH.BOARD (NUM,WRITER,SUBJECT,PASSWD,CONTENT,READCNT,REF,REF_STEP,REF_LEVEL,REG_DATE) values (77,'1','123','1','123',3,77,0,0,to_timestamp('17/07/05 10:46:48.000000000','RR/MM/DD HH24:MI:SSXFF'));
Insert into BMS_CYH.BOARD (NUM,WRITER,SUBJECT,PASSWD,CONTENT,READCNT,REF,REF_STEP,REF_LEVEL,REG_DATE) values (81,'1','123123123','1','123123123',1,78,0,0,to_timestamp('17/07/07 21:10:44.000000000','RR/MM/DD HH24:MI:SSXFF'));
Insert into BMS_CYH.BOARD (NUM,WRITER,SUBJECT,PASSWD,CONTENT,READCNT,REF,REF_STEP,REF_LEVEL,REG_DATE) values (66,'1','1','1','1',2,64,0,0,to_timestamp('17/07/04 06:51:47.000000000','RR/MM/DD HH24:MI:SSXFF'));
Insert into BMS_CYH.BOARD (NUM,WRITER,SUBJECT,PASSWD,CONTENT,READCNT,REF,REF_STEP,REF_LEVEL,REG_DATE) values (71,'1','17','1','17',0,64,3,1,to_timestamp('17/07/04 07:00:33.000000000','RR/MM/DD HH24:MI:SSXFF'));
REM INSERTING into BMS_CYH.BOOK
SET DEFINE OFF;
Insert into BMS_CYH.BOOK (ISBN,TITLE,SUBTITLE,AUTHOR,TRANS,PUBLISHER,DATE1,ORIGIN,PRICE,PERCENT,POINT,CATEGORY,COUNT) values ('8932029997','여수의 사랑',null,'한강',null,'문학과지성사 ',to_date('17/04/17','RR/MM/DD'),null,'21000','2','1050','문학','99816');
Insert into BMS_CYH.BOOK (ISBN,TITLE,SUBTITLE,AUTHOR,TRANS,PUBLISHER,DATE1,ORIGIN,PRICE,PERCENT,POINT,CATEGORY,COUNT) values ('8954645062','가을철 한정 구리킨톤 사건 - 상',null,'요네자와 호노부',null,'엘릭시르 ',to_date('17/04/17','RR/MM/DD'),null,'12000','2','600','문학','58');
Insert into BMS_CYH.BOOK (ISBN,TITLE,SUBTITLE,AUTHOR,TRANS,PUBLISHER,DATE1,ORIGIN,PRICE,PERCENT,POINT,CATEGORY,COUNT) values ('k492535338','시그널 1',null,'김은희',null,'비단숲 ',to_date('16/11/01','RR/MM/DD'),null,'14000','2','600','문학','49');
Insert into BMS_CYH.BOOK (ISBN,TITLE,SUBTITLE,AUTHOR,TRANS,PUBLISHER,DATE1,ORIGIN,PRICE,PERCENT,POINT,CATEGORY,COUNT) values ('8994040986','싸이보그지만 괜찮아',null,'박찬욱, 정서경',null,'그책',to_date('16/12/28','RR/MM/DD'),null,'11000','2','600','문학','35');
Insert into BMS_CYH.BOOK (ISBN,TITLE,SUBTITLE,AUTHOR,TRANS,PUBLISHER,DATE1,ORIGIN,PRICE,PERCENT,POINT,CATEGORY,COUNT) values ('s072536178','석가의 해부학 노트',null,'석정현 ',null,'성안당',to_date('17/02/06','RR/MM/DD'),null,'42000','7','600','예술','30');
Insert into BMS_CYH.BOOK (ISBN,TITLE,SUBTITLE,AUTHOR,TRANS,PUBLISHER,DATE1,ORIGIN,PRICE,PERCENT,POINT,CATEGORY,COUNT) values ('8937434059','파랑의 역사','파란색은 어떻게 모든 이들의 사랑을 받게 되었는가','미셸 파스투로','고봉만','민음사',to_date('17/03/03','RR/MM/DD'),null,'16800','7','600','예술','70');
Insert into BMS_CYH.BOOK (ISBN,TITLE,SUBTITLE,AUTHOR,TRANS,PUBLISHER,DATE1,ORIGIN,PRICE,PERCENT,POINT,CATEGORY,COUNT) values ('8961962892','아주 사적인 현대미술','아티스트 10인과의 친밀한 대화','캘빈 톰킨스','김세진, 손희경','아트북스',to_date('17/03/29','RR/MM/DD'),'Lives of the Artists','21000','7','600','예술','70');
Insert into BMS_CYH.BOOK (ISBN,TITLE,SUBTITLE,AUTHOR,TRANS,PUBLISHER,DATE1,ORIGIN,PRICE,PERCENT,POINT,CATEGORY,COUNT) values ('k072530233','각본 비밀은 없다',null,'이경미,박찬욱',null,'유어마인드',to_date('17/03/29','RR/MM/DD'),null,'13000','7','600','예술','80');
Insert into BMS_CYH.BOOK (ISBN,TITLE,SUBTITLE,AUTHOR,TRANS,PUBLISHER,DATE1,ORIGIN,PRICE,PERCENT,POINT,CATEGORY,COUNT) values ('k092530745','나를 보는 당신을 바라보았다','김혜리의 영화의 일기','김혜리',null,'어크로스',to_date('17/03/29','RR/MM/DD'),null,'14000','7','600','예술','80');
Insert into BMS_CYH.BOOK (ISBN,TITLE,SUBTITLE,AUTHOR,TRANS,PUBLISHER,DATE1,ORIGIN,PRICE,PERCENT,POINT,CATEGORY,COUNT) values ('8930088147','영화와 의미의 탐구 1','언어 - 신체 - 사건','미하일 얌폴스키','김수환, 이현우','나남출판',to_date('17/03/15','RR/MM/DD'),null,'21000','7','600','예술','80');
Insert into BMS_CYH.BOOK (ISBN,TITLE,SUBTITLE,AUTHOR,TRANS,PUBLISHER,DATE1,ORIGIN,PRICE,PERCENT,POINT,CATEGORY,COUNT) values ('8968483515','NDC Art Book 2017','2017년 넥슨 개발자 콘퍼런스 아트 전시회','넥슨',null,'한빛미디어',to_date('17/04/24','RR/MM/DD'),null,'20000','7','600','예술','100');
Insert into BMS_CYH.BOOK (ISBN,TITLE,SUBTITLE,AUTHOR,TRANS,PUBLISHER,DATE1,ORIGIN,PRICE,PERCENT,POINT,CATEGORY,COUNT) values ('8954641636','쇼코의 미소',null,'최은영',null,'문학동네',to_date('16/07/07','RR/MM/DD'),null,'17000','7','600','문학','100');
Insert into BMS_CYH.BOOK (ISBN,TITLE,SUBTITLE,AUTHOR,TRANS,PUBLISHER,DATE1,ORIGIN,PRICE,PERCENT,POINT,CATEGORY,COUNT) values ('8954645089','디어 랄프 로렌',null,'손보미',null,'문학동네',to_date('16/04/19','RR/MM/DD'),null,'13500','7','600','문학','100');
Insert into BMS_CYH.BOOK (ISBN,TITLE,SUBTITLE,AUTHOR,TRANS,PUBLISHER,DATE1,ORIGIN,PRICE,PERCENT,POINT,CATEGORY,COUNT) values ('8952777956','가디언즈 오브 더 갤럭시 Vol.3','가디언즈 디스어셈블드','닉 브래드쇼','이규원 ','시공사(만화)',to_date('17/03/25','RR/MM/DD'),'Guardians of the Galaxy VOL. 3 Guardians Disassembled','14000','3','600','만화','100');
Insert into BMS_CYH.BOOK (ISBN,TITLE,SUBTITLE,AUTHOR,TRANS,PUBLISHER,DATE1,ORIGIN,PRICE,PERCENT,POINT,CATEGORY,COUNT) values ('8952777964','가디언즈 오브 더 갤럭시 Vol.4','원죄','발레리오 스키티','이규원','시공사(만화)',to_date('17/04/25','RR/MM/DD'),'Guardians of the Galaxy VOL. 4 Original Sin','12000','3','600','만화','100');
Insert into BMS_CYH.BOOK (ISBN,TITLE,SUBTITLE,AUTHOR,TRANS,PUBLISHER,DATE1,ORIGIN,PRICE,PERCENT,POINT,CATEGORY,COUNT) values ('8952778014','슈퍼맨 언체인드',null,'알렉스 싱클레어','이규원','시공사(만화)',to_date('17/04/25','RR/MM/DD'),'Superman Unchained','27000','3','600','만화','100');
Insert into BMS_CYH.BOOK (ISBN,TITLE,SUBTITLE,AUTHOR,TRANS,PUBLISHER,DATE1,ORIGIN,PRICE,PERCENT,POINT,CATEGORY,COUNT) values ('s962536178','사가 Vol. 1','시공그래픽노블','피오나 스테이플스','이수현','시공사(만화)',to_date('17/01/25','RR/MM/DD'),'Saga Volume one','13000','3','600','만화','100');
Insert into BMS_CYH.BOOK (ISBN,TITLE,SUBTITLE,AUTHOR,TRANS,PUBLISHER,DATE1,ORIGIN,PRICE,PERCENT,POINT,CATEGORY,COUNT) values ('8952777972','울버린 : 올드 맨 로건',null,'마크 밀러, 스티브 맥니븐','임태현','시공사(만화)',to_date('17/03/05','RR/MM/DD'),'Wolverine: Old Man Logan','19000','3','600','만화','100');
Insert into BMS_CYH.BOOK (ISBN,TITLE,SUBTITLE,AUTHOR,TRANS,PUBLISHER,DATE1,ORIGIN,PRICE,PERCENT,POINT,CATEGORY,COUNT) values ('8952778006','(뉴 52) 배트맨 9 : 블룸',null,'스콧 스나이더, 대니 미키','이규원','시공사(만화)',to_date('17/03/25','RR/MM/DD'),'(The New 52) Batman Vol.9 : Bloom','17000','3','600','만화','100');
Insert into BMS_CYH.BOOK (ISBN,TITLE,SUBTITLE,AUTHOR,TRANS,PUBLISHER,DATE1,ORIGIN,PRICE,PERCENT,POINT,CATEGORY,COUNT) values ('8952778219','고담 센트럴 Book 1','사건 현장 l','에드 브루베이커','임태현','시공사(만화)',to_date('17/04/25','RR/MM/DD'),'Gotham Central Book 1: In The Line Of Duty (2017년)','20000','3','600','만화','100');
Insert into BMS_CYH.BOOK (ISBN,TITLE,SUBTITLE,AUTHOR,TRANS,PUBLISHER,DATE1,ORIGIN,PRICE,PERCENT,POINT,CATEGORY,COUNT) values ('8998171341','팀이 천재를 이긴다','1+1을 10으로 만드는 팀의 힘','마이클 말론','김성남 ','틔움',to_date('17/04/14','RR/MM/DD'),'Team genius (2015년) ','15000','3','750','사회','100');
Insert into BMS_CYH.BOOK (ISBN,TITLE,SUBTITLE,AUTHOR,TRANS,PUBLISHER,DATE1,ORIGIN,PRICE,PERCENT,POINT,CATEGORY,COUNT) values ('8925561646','일의 언어','새로운 미래를 발견하는 문제 인식의 틀 ','태디 홀','이종인','알에이치코리아(RHK)',to_date('17/04/17','RR/MM/DD'),'Competing against luck (2016년)','20000','5','1000','사회','100');
Insert into BMS_CYH.BOOK (ISBN,TITLE,SUBTITLE,AUTHOR,TRANS,PUBLISHER,DATE1,ORIGIN,PRICE,PERCENT,POINT,CATEGORY,COUNT) values ('k042530231','빅데이터 분석대로 미래는 이루어진다','국내 유일 트럼프 당선을 정확히 예측한 우종필 교수의 구글 빅데이터 기법 공개!','우종필 ',null,'매일경제신문사',to_date('17/03/31','RR/MM/DD'),null,'15000','7','750','사회','100');
Insert into BMS_CYH.BOOK (ISBN,TITLE,SUBTITLE,AUTHOR,TRANS,PUBLISHER,DATE1,ORIGIN,PRICE,PERCENT,POINT,CATEGORY,COUNT) values ('8932918279','스탠드 아웃',null,'도리 클라크','박세연 ','열린책들 ',to_date('17/03/30','RR/MM/DD'),'Stand out (2015년)','15000','2','750','사회','100');
Insert into BMS_CYH.BOOK (ISBN,TITLE,SUBTITLE,AUTHOR,TRANS,PUBLISHER,DATE1,ORIGIN,PRICE,PERCENT,POINT,CATEGORY,COUNT) values ('k192530948','엘리트 마인드','세상을 리드하는 사람들의 숨겨진 한 가지 ','스탠 비첨','차백만 ','비즈페이퍼 ',to_date('17/03/30','RR/MM/DD'),'ELITE MINDS (2016년)','24000','4','1200','사회','100');
Insert into BMS_CYH.BOOK (ISBN,TITLE,SUBTITLE,AUTHOR,TRANS,PUBLISHER,DATE1,ORIGIN,PRICE,PERCENT,POINT,CATEGORY,COUNT) values ('k162530537','타이탄의 도구들','1만 시간의 법칙을 깬 거인들의 61가지 전략 ','팀 페리스','정지현 ','토네이도 ',to_date('17/04/03','RR/MM/DD'),'Tools of titans (2017년)','11000','9','550','사회','100');
Insert into BMS_CYH.BOOK (ISBN,TITLE,SUBTITLE,AUTHOR,TRANS,PUBLISHER,DATE1,ORIGIN,PRICE,PERCENT,POINT,CATEGORY,COUNT) values ('k322536390','무의식을 지배하는 사람 무의식에 지배당하는 사람',null,'구스도 후토시','김해용','동양북스(동양문고)',to_date('17/03/10','RR/MM/DD'),'초판출간 2015년','19000','4','950','사회','100');
Insert into BMS_CYH.BOOK (ISBN,TITLE,SUBTITLE,AUTHOR,TRANS,PUBLISHER,DATE1,ORIGIN,PRICE,PERCENT,POINT,CATEGORY,COUNT) values ('8947541931','해피니스 트랙','스탠퍼드대학교가 주목한 행복프레임 ','에마 세팔라','이수경','한국경제신문',to_date('17/04/20','RR/MM/DD'),'The happiness track (2016년)','15000','1','750','사회','100');
Insert into BMS_CYH.BOOK (ISBN,TITLE,SUBTITLE,AUTHOR,TRANS,PUBLISHER,DATE1,ORIGIN,PRICE,PERCENT,POINT,CATEGORY,COUNT) values ('k102530543','주원홈트 맥시멈','군살까지 모조리 빼주는 스파르타 트레이닝 l 주원홈트','김주원',null,'싸이프레스',to_date('17/04/15','RR/MM/DD'),null,'13500','3','600','스포츠','100');
Insert into BMS_CYH.BOOK (ISBN,TITLE,SUBTITLE,AUTHOR,TRANS,PUBLISHER,DATE1,ORIGIN,PRICE,PERCENT,POINT,CATEGORY,COUNT) values ('k992536565','대사증후군 잡는 2·1·1 식단','대사증후군 잡는 식사법은 따로 있다!','남기선',null,'레시피팩토리',to_date('17/01/13','RR/MM/DD'),null,'15800','3','600','스포츠','100');
Insert into BMS_CYH.BOOK (ISBN,TITLE,SUBTITLE,AUTHOR,TRANS,PUBLISHER,DATE1,ORIGIN,PRICE,PERCENT,POINT,CATEGORY,COUNT) values ('s372536483','엄마가 챙겨주는 청소년의 아침 식사','공부는 체력! 체력은 아침밥!','이나열',null,'레시피팩토리',to_date('17/01/13','RR/MM/DD'),null,'15800','3','600','스포츠','100');
Insert into BMS_CYH.BOOK (ISBN,TITLE,SUBTITLE,AUTHOR,TRANS,PUBLISHER,DATE1,ORIGIN,PRICE,PERCENT,POINT,CATEGORY,COUNT) values ('k702536489','죄수 운동법','극한 공간, 감옥에서 탄생한 리얼 맨몸 트레이닝','폴 웨이드','정미화','비타북스',to_date('17/02/24','RR/MM/DD'),'Convict Conditioning (2009년)','22000','3','600','스포츠','100');
Insert into BMS_CYH.BOOK (ISBN,TITLE,SUBTITLE,AUTHOR,TRANS,PUBLISHER,DATE1,ORIGIN,PRICE,PERCENT,POINT,CATEGORY,COUNT) values ('k112530949','여성 건강 혈자리 지도','(대형 브로마이드 2장)','여성건강연구회, 김수정',null,'진서원',to_date('17/04/03','RR/MM/DD'),null,'3500','3','600','스포츠','100');
Insert into BMS_CYH.BOOK (ISBN,TITLE,SUBTITLE,AUTHOR,TRANS,PUBLISHER,DATE1,ORIGIN,PRICE,PERCENT,POINT,CATEGORY,COUNT) values ('8997008307','몸이 나의 주인이다','신선은 피와 땀의 결정체이다.','우혈',null,'일리',to_date('17/04/03','RR/MM/DD'),null,'17000','3','600','스포츠','100');
Insert into BMS_CYH.BOOK (ISBN,TITLE,SUBTITLE,AUTHOR,TRANS,PUBLISHER,DATE1,ORIGIN,PRICE,PERCENT,POINT,CATEGORY,COUNT) values ('k212530450','내 삶의 주인으로 산다는 것','나도 몰랐던 진짜 나와 마주하는 자존감 회복 클래스','김권수',null,'책들의정원',to_date('17/04/24','RR/MM/DD'),null,'15000','3','600','자기','100');
Insert into BMS_CYH.BOOK (ISBN,TITLE,SUBTITLE,AUTHOR,TRANS,PUBLISHER,DATE1,ORIGIN,PRICE,PERCENT,POINT,CATEGORY,COUNT) values ('k682530352','좋아하는 일만 하며 재미있게 살 순 없을까?',null,'나카고시 히로시','강수연','아날로그(글담)',to_date('17/05/05','RR/MM/DD'),null,'13000','3','600','자기','100');
Insert into BMS_CYH.BOOK (ISBN,TITLE,SUBTITLE,AUTHOR,TRANS,PUBLISHER,DATE1,ORIGIN,PRICE,PERCENT,POINT,CATEGORY,COUNT) values ('8960515906','기사의 편지','인생을 홀로 헤쳐 가야 할 이들에게 건네는 스무 가지 전언','에단 호크','전미영','부키',to_date('17/04/14','RR/MM/DD'),'Rules for a Knight : The Last Letter of Sir Thomas Lemuel Hawke','12000','3','600','자기','100');
Insert into BMS_CYH.BOOK (ISBN,TITLE,SUBTITLE,AUTHOR,TRANS,PUBLISHER,DATE1,ORIGIN,PRICE,PERCENT,POINT,CATEGORY,COUNT) values ('k512530855','하루 30분의 힘','당신의 미래를 바꾸는 기적의 시간 사용법','김범준',null,'비즈니스북스',to_date('17/04/20','RR/MM/DD'),null,'12800','3','600','자기','100');
Insert into BMS_CYH.BOOK (ISBN,TITLE,SUBTITLE,AUTHOR,TRANS,PUBLISHER,DATE1,ORIGIN,PRICE,PERCENT,POINT,CATEGORY,COUNT) values ('k512530155','인생을 결정짓는 다섯 가지 선택',null,'로버트 마이클','안기순','책세상',to_date('17/04/20','RR/MM/DD'),'The Five Life Decisions: How Economic Principles and 18 Million Millennials Can Guide Your Thinking','15000','3','600','자기','100');
Insert into BMS_CYH.BOOK (ISBN,TITLE,SUBTITLE,AUTHOR,TRANS,PUBLISHER,DATE1,ORIGIN,PRICE,PERCENT,POINT,CATEGORY,COUNT) values ('8984076252','호감 스위치를 켜라','아무리 까칠한 사람도 내 편으로 만드는 FBI 관계의 심리학','마빈 칼린스','문희경','세종서적',to_date('17/04/28','RR/MM/DD'),'The Like Switch: An Ex-FBI Agent’s Guide to Influencing, Attracting, and Winning People Over','16000','3','600','자기','100');
Insert into BMS_CYH.BOOK (ISBN,TITLE,SUBTITLE,AUTHOR,TRANS,PUBLISHER,DATE1,ORIGIN,PRICE,PERCENT,POINT,CATEGORY,COUNT) values ('s372530546','어쨌거나 마이웨이','더 이상 남을 배려하느라 상처받지 않겠다','안드레아 오언','임가영','홍익출판사',to_date('17/04/20','RR/MM/DD'),'52 Ways to Live a Kick-Ass Life: BS-Free Wisdom to Ignite Your Inner Badass and Live the Life You Deserve','14800','3','600','자기','100');
Insert into BMS_CYH.BOOK (ISBN,TITLE,SUBTITLE,AUTHOR,TRANS,PUBLISHER,DATE1,ORIGIN,PRICE,PERCENT,POINT,CATEGORY,COUNT) values ('k862530742','하루 1분 그림게임','보다 빠른 두뇌회전을 위한','YM기획','조신영','베프북스',to_date('17/03/31','RR/MM/DD'),null,'12800','3','600','자기','100');
Insert into BMS_CYH.BOOK (ISBN,TITLE,SUBTITLE,AUTHOR,TRANS,PUBLISHER,DATE1,ORIGIN,PRICE,PERCENT,POINT,CATEGORY,COUNT) values ('8935211672','하루 2시간 몰입의 힘','끝도 없는 일 깔끔하게 해치우는 뇌과학의 비밀','조시 데이비스','박슬라','청림출판',to_date('17/04/24','RR/MM/DD'),null,'13500','3','600','자기','100');
Insert into BMS_CYH.BOOK (ISBN,TITLE,SUBTITLE,AUTHOR,TRANS,PUBLISHER,DATE1,ORIGIN,PRICE,PERCENT,POINT,CATEGORY,COUNT) values ('k662530939','말투 하나 바꿨을 뿐인데','일, 사랑, 관계가 술술 풀리는 40가지 심리 기술','나이토 요시히토','김한나','유노북스',to_date('17/03/10','RR/MM/DD'),null,'13000','3','600','자기','100');
Insert into BMS_CYH.BOOK (ISBN,TITLE,SUBTITLE,AUTHOR,TRANS,PUBLISHER,DATE1,ORIGIN,PRICE,PERCENT,POINT,CATEGORY,COUNT) values ('8925561239','위험한 심리술','97%의 사람을 내 맘대로 조정하는','로미오 로드리게스 주니어','김하경','알에이치코리아(RHK)',to_date('17/03/13','RR/MM/DD'),null,'13000','3','600','자기','100');
Insert into BMS_CYH.BOOK (ISBN,TITLE,SUBTITLE,AUTHOR,TRANS,PUBLISHER,DATE1,ORIGIN,PRICE,PERCENT,POINT,CATEGORY,COUNT) values ('k162530353','돌파력','스토아 철학에서 배우는 ''스스로 운명을 바꾸는 힘''','라이언 홀리데이','안종설','심플라이프',to_date('17/04/28','RR/MM/DD'),'The obstacle is the way ','14000','3','600','자기','100');
Insert into BMS_CYH.BOOK (ISBN,TITLE,SUBTITLE,AUTHOR,TRANS,PUBLISHER,DATE1,ORIGIN,PRICE,PERCENT,POINT,CATEGORY,COUNT) values ('893743346x','수면 혁명','매일 밤 조금씩 인생을 바꾸는 숙면의 힘','아리아나 허핑턴','정준희','민음사',to_date('16/09/05','RR/MM/DD'),'The Sleep Revolution: Transforming Your Life, One Night at a Time','16800','3','600','자기','100');
Insert into BMS_CYH.BOOK (ISBN,TITLE,SUBTITLE,AUTHOR,TRANS,PUBLISHER,DATE1,ORIGIN,PRICE,PERCENT,POINT,CATEGORY,COUNT) values ('8965703972','그곳에 좋은 기운이 모인다','좋은 기운을 받고 나쁜 운명을 피하는 특별한 장소의 비밀','김승호',null,'쌤앤파커스',to_date('17/03/15','RR/MM/DD'),null,'15000','3','600','자기','100');
Insert into BMS_CYH.BOOK (ISBN,TITLE,SUBTITLE,AUTHOR,TRANS,PUBLISHER,DATE1,ORIGIN,PRICE,PERCENT,POINT,CATEGORY,COUNT) values ('8943310587','수잔네의 밤','4미터 그림책 l 4미터 그림책','로트라우트 수잔네 베르너','윤혜정','보림',to_date('17/03/15','RR/MM/DD'),'Nacht-Wimmelbuch','15000','3','600','아동','100');
Insert into BMS_CYH.BOOK (ISBN,TITLE,SUBTITLE,AUTHOR,TRANS,PUBLISHER,DATE1,ORIGIN,PRICE,PERCENT,POINT,CATEGORY,COUNT) values ('8955823908','아빠가 달려갈게! l 김영진 그림책 6',null,'김영진',null,'길벗어린이',to_date('17/04/25','RR/MM/DD'),null,'12000','3','600','아동','100');
Insert into BMS_CYH.BOOK (ISBN,TITLE,SUBTITLE,AUTHOR,TRANS,PUBLISHER,DATE1,ORIGIN,PRICE,PERCENT,POINT,CATEGORY,COUNT) values ('k512531861','작은 꼬마 원숭이의 아주 큰 모험',null,'마르타 알테스','엄혜숙','사파리',to_date('17/05/01','RR/MM/DD'),'Little monkey','10800','3','600','아동','100');
Insert into BMS_CYH.BOOK (ISBN,TITLE,SUBTITLE,AUTHOR,TRANS,PUBLISHER,DATE1,ORIGIN,PRICE,PERCENT,POINT,CATEGORY,COUNT) values ('k942531862','썼다 지웠다 75가지 집중력 퍼즐 카드',null,'논 피그','리지바버','어스본코리아',to_date('17/04/27','RR/MM/DD'),null,'8500','3','600','아동','100');
Insert into BMS_CYH.BOOK (ISBN,TITLE,SUBTITLE,AUTHOR,TRANS,PUBLISHER,DATE1,ORIGIN,PRICE,PERCENT,POINT,CATEGORY,COUNT) values ('k702530650','머리 쓰는 찾기책 : 해적의 보물찾기 l 머리 쓰는 찾기책',null,'임규석',null,'부즈펌어린이',to_date('17/04/28','RR/MM/DD'),null,'6500','3','600','아동','100');
Insert into BMS_CYH.BOOK (ISBN,TITLE,SUBTITLE,AUTHOR,TRANS,PUBLISHER,DATE1,ORIGIN,PRICE,PERCENT,POINT,CATEGORY,COUNT) values ('s672530550','맷돌, 어이가 없네!','생활 도구 이야기 l 노란우산 전통문화 그림책 5','김홍신','임영주','노란우산',to_date('17/05/10','RR/MM/DD'),null,'11800','3','600','아동','100');
Insert into BMS_CYH.BOOK (ISBN,TITLE,SUBTITLE,AUTHOR,TRANS,PUBLISHER,DATE1,ORIGIN,PRICE,PERCENT,POINT,CATEGORY,COUNT) values ('s652530150','엄마 껌딱지',null,'도로테 드 몽프레','이주희','한솔수북',to_date('17/04/03','RR/MM/DD'),null,'13000','3','600','아동','100');
Insert into BMS_CYH.BOOK (ISBN,TITLE,SUBTITLE,AUTHOR,TRANS,PUBLISHER,DATE1,ORIGIN,PRICE,PERCENT,POINT,CATEGORY,COUNT) values ('k452530554','아무도 몰랐던 곰 이야기','늠름하고 멋진 자신을 찾아가는 성장 동화','오렌 라비','한윤진','아이위즈',to_date('17/05/10','RR/MM/DD'),'Der bar, der nicht da war','11000','3','600','아동','100');
Insert into BMS_CYH.BOOK (ISBN,TITLE,SUBTITLE,AUTHOR,TRANS,PUBLISHER,DATE1,ORIGIN,PRICE,PERCENT,POINT,CATEGORY,COUNT) values ('8915104234','우주 비행사가 될 거야!',null,'티아고 아메리코','삼성출판사편집부','삼성출판사',to_date('17/04/01','RR/MM/DD'),null,'8800','3','600','아동','100');
Insert into BMS_CYH.BOOK (ISBN,TITLE,SUBTITLE,AUTHOR,TRANS,PUBLISHER,DATE1,ORIGIN,PRICE,PERCENT,POINT,CATEGORY,COUNT) values ('k392530458','세상에서 가장 멋진 오토의 그림사전',null,'톰 스함프','최진영','부즈펌어린이',to_date('17/04/24','RR/MM/DD'),null,'22000','3','600','아동','100');
Insert into BMS_CYH.BOOK (ISBN,TITLE,SUBTITLE,AUTHOR,TRANS,PUBLISHER,DATE1,ORIGIN,PRICE,PERCENT,POINT,CATEGORY,COUNT) values ('8970949690','기울어',null,'이탁근',null,'한림출판사',to_date('17/04/20','RR/MM/DD'),null,'11000','3','600','아동','100');
Insert into BMS_CYH.BOOK (ISBN,TITLE,SUBTITLE,AUTHOR,TRANS,PUBLISHER,DATE1,ORIGIN,PRICE,PERCENT,POINT,CATEGORY,COUNT) values ('k102530157','뽀로로 썼다 지웠다 펜북 놀이 2 : 미로놀이',null,'키즈아이콘 편집부',null,'키즈아이콘',to_date('17/04/18','RR/MM/DD'),null,'10000','3','600','아동','100');
Insert into BMS_CYH.BOOK (ISBN,TITLE,SUBTITLE,AUTHOR,TRANS,PUBLISHER,DATE1,ORIGIN,PRICE,PERCENT,POINT,CATEGORY,COUNT) values ('892556100x','드가의 산책 l MoMA 꼬마 예술가 그림책',null,'크리스티나 피에로판','최순희','주니어RHK(주니어랜덤)',to_date('17/04/05','RR/MM/DD'),null,'25000','3','600','아동','100');
Insert into BMS_CYH.BOOK (ISBN,TITLE,SUBTITLE,AUTHOR,TRANS,PUBLISHER,DATE1,ORIGIN,PRICE,PERCENT,POINT,CATEGORY,COUNT) values ('k592434587','어서와 JAVA는 처음이지!',null,'천인국',null,'인피니티북스',to_date('15/11/25','RR/MM/DD'),null,'33000','3','600','자기','100');
Insert into BMS_CYH.BOOK (ISBN,TITLE,SUBTITLE,AUTHOR,TRANS,PUBLISHER,DATE1,ORIGIN,PRICE,PERCENT,POINT,CATEGORY,COUNT) values ('8925561000','손 끝으로 원을 그려봐 네가 그릴 수 있는 한 크게 그걸 뺀 만큼 널 사랑해',null,'원태연',null,'나라원',to_date('93/05/01','RR/MM/DD'),null,'3500','3','600','문학','100');
Insert into BMS_CYH.BOOK (ISBN,TITLE,SUBTITLE,AUTHOR,TRANS,PUBLISHER,DATE1,ORIGIN,PRICE,PERCENT,POINT,CATEGORY,COUNT) values ('8993964041','샐러드 기념일',null,'다와라 마치','신현정','새움',to_date('09/11/20','RR/MM/DD'),'さらだ きねんび','23000','3','600','문학','100');
Insert into BMS_CYH.BOOK (ISBN,TITLE,SUBTITLE,AUTHOR,TRANS,PUBLISHER,DATE1,ORIGIN,PRICE,PERCENT,POINT,CATEGORY,COUNT) values ('1674230','널 위해서라면',null,'책만드는집 편집부',null,'책만드는집',to_date('98/12/20','RR/MM/DD'),null,'6000','3','600','문학','53');
Insert into BMS_CYH.BOOK (ISBN,TITLE,SUBTITLE,AUTHOR,TRANS,PUBLISHER,DATE1,ORIGIN,PRICE,PERCENT,POINT,CATEGORY,COUNT) values ('1674240','널 위해 준비했어',null,'해성이앤피 편집부',null,'책만드는집',to_date('98/06/15','RR/MM/DD'),null,'5400','3','600','문학','78');
Insert into BMS_CYH.BOOK (ISBN,TITLE,SUBTITLE,AUTHOR,TRANS,PUBLISHER,DATE1,ORIGIN,PRICE,PERCENT,POINT,CATEGORY,COUNT) values ('893746005x','동물농장','민음사 세계문학전집 5','조지 오웰','도정일','민음사',to_date('98/08/05','RR/MM/DD'),'Animal Farm','5400','3','600','문학','100');
Insert into BMS_CYH.BOOK (ISBN,TITLE,SUBTITLE,AUTHOR,TRANS,PUBLISHER,DATE1,ORIGIN,PRICE,PERCENT,POINT,CATEGORY,COUNT) values ('8949702924','대망 1',null,'야마오카 소하치','박재희','동서문화동판(동서문화사)',to_date('05/04/01','RR/MM/DD'),' 초판출간 1967년 ','12800','3','600','문학','100');
Insert into BMS_CYH.BOOK (ISBN,TITLE,SUBTITLE,AUTHOR,TRANS,PUBLISHER,DATE1,ORIGIN,PRICE,PERCENT,POINT,CATEGORY,COUNT) values ('8970755373','오즈의 마법사 1 : 위대한 마법사 오즈','오즈의 마법사 시리즈 1','라이먼 프랭크 바움','최인자','문학세계사',to_date('12/12/20','RR/MM/DD'),'The Wonderful Wizard of OZ','10500','3','600','아동','100');
Insert into BMS_CYH.BOOK (ISBN,TITLE,SUBTITLE,AUTHOR,TRANS,PUBLISHER,DATE1,ORIGIN,PRICE,PERCENT,POINT,CATEGORY,COUNT) values ('8949701723','태양은 가득히','동서 미스터리 북스 87','퍼트리샤 하이스미스','김문운','동서문화동판(동서문화사)',to_date('03/06/01','RR/MM/DD'),'The Talented Mr. Ripley','7800','3','600','문학','100');
Insert into BMS_CYH.BOOK (ISBN,TITLE,SUBTITLE,AUTHOR,TRANS,PUBLISHER,DATE1,ORIGIN,PRICE,PERCENT,POINT,CATEGORY,COUNT) values ('1358387338','아딸라르네 마지막 아벵세라지인의 모험',null,'샤토브리앙','신곽균','새미',to_date('03/02/20','RR/MM/DD'),null,'7000','3','600','문학','43');
Insert into BMS_CYH.BOOK (ISBN,TITLE,SUBTITLE,AUTHOR,TRANS,PUBLISHER,DATE1,ORIGIN,PRICE,PERCENT,POINT,CATEGORY,COUNT) values ('6000802448','톰 소여의 모험','민음사 세계문학전집 203','마크 트웨인','김욱동','민음사',to_date('09/03/13','RR/MM/DD'),'The Adventures of Tom Sawyer','11000','3','600','아동','100');
Insert into BMS_CYH.BOOK (ISBN,TITLE,SUBTITLE,AUTHOR,TRANS,PUBLISHER,DATE1,ORIGIN,PRICE,PERCENT,POINT,CATEGORY,COUNT) values ('6000781928','허클베리 핀의 모험','민음사 세계문학전집 6','마크 트웨인','김욱동','민음사',to_date('98/08/05','RR/MM/DD'),'The Adventures of Huckleberry Finn','11000','3','600','아동','98');
Insert into BMS_CYH.BOOK (ISBN,TITLE,SUBTITLE,AUTHOR,TRANS,PUBLISHER,DATE1,ORIGIN,PRICE,PERCENT,POINT,CATEGORY,COUNT) values ('8970635262','해저 2만리 1','쥘 베른 걸작선','쥘 베른','김석희','열림원',to_date('07/01/22','RR/MM/DD'),'Vingt Mille Heues Sous Les Mers ','12000','3','600','문학','100');
Insert into BMS_CYH.BOOK (ISBN,TITLE,SUBTITLE,AUTHOR,TRANS,PUBLISHER,DATE1,ORIGIN,PRICE,PERCENT,POINT,CATEGORY,COUNT) values ('8937462842','죄와 벌 1','민음사 세계문학전집 284','표도르 도스토예프스키','김연경','민음사',to_date('12/03/30','RR/MM/DD'),'Преступление и наказание','10000','3','600','문학','100');
Insert into BMS_CYH.BOOK (ISBN,TITLE,SUBTITLE,AUTHOR,TRANS,PUBLISHER,DATE1,ORIGIN,PRICE,PERCENT,POINT,CATEGORY,COUNT) values ('6000797176','카라마조프 가의 형제들 1','민음사 세계문학전집 154','표도르 도스토예프스키','김연경','민음사',to_date('07/09/20','RR/MM/DD'),'Братья Карамазовы','9500','3','600','문학','79');
Insert into BMS_CYH.BOOK (ISBN,TITLE,SUBTITLE,AUTHOR,TRANS,PUBLISHER,DATE1,ORIGIN,PRICE,PERCENT,POINT,CATEGORY,COUNT) values ('6000826237','싯다르타','민음사 세계문학전집 58','헤르만 헤세','박병덕','민음사',to_date('02/01/20','RR/MM/DD'),'Siddhartha','7000','3','600','문학','100');
Insert into BMS_CYH.BOOK (ISBN,TITLE,SUBTITLE,AUTHOR,TRANS,PUBLISHER,DATE1,ORIGIN,PRICE,PERCENT,POINT,CATEGORY,COUNT) values ('8925244926','멋지다! 마사루 오나전판 4','우스타 쿄스케','우스타 쿄스케',null,'대원씨아이(만화)',to_date('09/05/29','RR/MM/DD'),null,'9500','3','600','만화','100');
Insert into BMS_CYH.BOOK (ISBN,TITLE,SUBTITLE,AUTHOR,TRANS,PUBLISHER,DATE1,ORIGIN,PRICE,PERCENT,POINT,CATEGORY,COUNT) values ('8925234505','삐리리~ 불어봐! 재규어 1','기숙사 ''가리의 구멍''','우스타 쿄스케',null,'대원씨아이(만화)',to_date('03/10/15','RR/MM/DD'),null,'4200','3','600','만화','100');
Insert into BMS_CYH.BOOK (ISBN,TITLE,SUBTITLE,AUTHOR,TRANS,PUBLISHER,DATE1,ORIGIN,PRICE,PERCENT,POINT,CATEGORY,COUNT) values ('k582535393','언어의 온도','말과 글에는 나름의 따뜻함과 차가움이 있다','이기주',null,'말글터',to_date('16/08/19','RR/MM/DD'),null,'12000','3','600','문학','100');
REM INSERTING into BMS_CYH.GUEST
SET DEFINE OFF;
Insert into BMS_CYH.GUEST (GUESTNUM,GUESTID,GUESTPW,GUESTNAME,GUESTBIRTH,GUESTADDR,GUESTEMAIL) values (144,'asdf','asdf1234!','최연호',null,'@',null);
Insert into BMS_CYH.GUEST (GUESTNUM,GUESTID,GUESTPW,GUESTNAME,GUESTBIRTH,GUESTADDR,GUESTEMAIL) values (161,'fasd','asdf1234!','연호',null,'@',null);
Insert into BMS_CYH.GUEST (GUESTNUM,GUESTID,GUESTPW,GUESTNAME,GUESTBIRTH,GUESTADDR,GUESTEMAIL) values (122,'host','host','host',null,'@',null);
Insert into BMS_CYH.GUEST (GUESTNUM,GUESTID,GUESTPW,GUESTNAME,GUESTBIRTH,GUESTADDR,GUESTEMAIL) values (123,'1','1','1',to_date('17/06/01','RR/MM/DD'),'@',null);
Insert into BMS_CYH.GUEST (GUESTNUM,GUESTID,GUESTPW,GUESTNAME,GUESTBIRTH,GUESTADDR,GUESTEMAIL) values (181,'test','test1!test','테스트',to_date('13/10/29','RR/MM/DD'),'@','test@test.com');
REM INSERTING into BMS_CYH.SALESINFO
SET DEFINE OFF;
Insert into BMS_CYH.SALESINFO (SALESNUM,GUESTID,SALESDAY,ISBN,SALESSTOCK,STATE,CLOSING) values (121,'1',to_date('17/07/03','RR/MM/DD'),'1358387338',10,'4',null);
Insert into BMS_CYH.SALESINFO (SALESNUM,GUESTID,SALESDAY,ISBN,SALESSTOCK,STATE,CLOSING) values (125,'1',to_date('17/07/04','RR/MM/DD'),'1358387338',5,'1',null);
Insert into BMS_CYH.SALESINFO (SALESNUM,GUESTID,SALESDAY,ISBN,SALESSTOCK,STATE,CLOSING) values (126,'1',to_date('17/07/04','RR/MM/DD'),'1674230',5,'1',null);
Insert into BMS_CYH.SALESINFO (SALESNUM,GUESTID,SALESDAY,ISBN,SALESSTOCK,STATE,CLOSING) values (84,'1',to_date('17/06/26','RR/MM/DD'),'8932029997',2,'1',null);
Insert into BMS_CYH.SALESINFO (SALESNUM,GUESTID,SALESDAY,ISBN,SALESSTOCK,STATE,CLOSING) values (85,'1',to_date('17/06/26','RR/MM/DD'),'8954645062',12,'3',null);
Insert into BMS_CYH.SALESINFO (SALESNUM,GUESTID,SALESDAY,ISBN,SALESSTOCK,STATE,CLOSING) values (86,'1',to_date('17/06/26','RR/MM/DD'),'k492535338',10,'4',null);
Insert into BMS_CYH.SALESINFO (SALESNUM,GUESTID,SALESDAY,ISBN,SALESSTOCK,STATE,CLOSING) values (87,'1',to_date('17/06/26','RR/MM/DD'),'8954645062',5,'3',null);
Insert into BMS_CYH.SALESINFO (SALESNUM,GUESTID,SALESDAY,ISBN,SALESSTOCK,STATE,CLOSING) values (88,'1',to_date('17/06/26','RR/MM/DD'),null,null,'4',null);
Insert into BMS_CYH.SALESINFO (SALESNUM,GUESTID,SALESDAY,ISBN,SALESSTOCK,STATE,CLOSING) values (90,'1',to_date('17/06/26','RR/MM/DD'),'8954645062',3,'4',null);
Insert into BMS_CYH.SALESINFO (SALESNUM,GUESTID,SALESDAY,ISBN,SALESSTOCK,STATE,CLOSING) values (91,'1',to_date('17/06/26','RR/MM/DD'),'8954645062',5,'4',null);
Insert into BMS_CYH.SALESINFO (SALESNUM,GUESTID,SALESDAY,ISBN,SALESSTOCK,STATE,CLOSING) values (92,'1',to_date('17/06/27','RR/MM/DD'),'8954645062',10,'4',null);
Insert into BMS_CYH.SALESINFO (SALESNUM,GUESTID,SALESDAY,ISBN,SALESSTOCK,STATE,CLOSING) values (95,'1',to_date('17/06/27','RR/MM/DD'),'8954645062',10,'4',null);
Insert into BMS_CYH.SALESINFO (SALESNUM,GUESTID,SALESDAY,ISBN,SALESSTOCK,STATE,CLOSING) values (96,'1',to_date('17/06/27','RR/MM/DD'),'8954645062',10,'4',null);
Insert into BMS_CYH.SALESINFO (SALESNUM,GUESTID,SALESDAY,ISBN,SALESSTOCK,STATE,CLOSING) values (97,'1',to_date('17/06/27','RR/MM/DD'),'8954645062',10,'3',null);
Insert into BMS_CYH.SALESINFO (SALESNUM,GUESTID,SALESDAY,ISBN,SALESSTOCK,STATE,CLOSING) values (98,'1',to_date('17/06/27','RR/MM/DD'),'8954645062',10,'3',null);
Insert into BMS_CYH.SALESINFO (SALESNUM,GUESTID,SALESDAY,ISBN,SALESSTOCK,STATE,CLOSING) values (99,'2',to_date('17/06/27','RR/MM/DD'),'k072530233',10,'1',null);
Insert into BMS_CYH.SALESINFO (SALESNUM,GUESTID,SALESDAY,ISBN,SALESSTOCK,STATE,CLOSING) values (100,'2',to_date('17/06/27','RR/MM/DD'),'k092530745',10,'1',null);
Insert into BMS_CYH.SALESINFO (SALESNUM,GUESTID,SALESDAY,ISBN,SALESSTOCK,STATE,CLOSING) values (101,'2',to_date('17/06/27','RR/MM/DD'),'8930088147',10,'1',null);
Insert into BMS_CYH.SALESINFO (SALESNUM,GUESTID,SALESDAY,ISBN,SALESSTOCK,STATE,CLOSING) values (102,'2',to_date('17/06/27','RR/MM/DD'),'8937434059',10,'1',null);
Insert into BMS_CYH.SALESINFO (SALESNUM,GUESTID,SALESDAY,ISBN,SALESSTOCK,STATE,CLOSING) values (103,'2',to_date('17/06/27','RR/MM/DD'),'8961962892',10,'1',null);
Insert into BMS_CYH.SALESINFO (SALESNUM,GUESTID,SALESDAY,ISBN,SALESSTOCK,STATE,CLOSING) values (104,'2',to_date('17/06/27','RR/MM/DD'),'s072536178',10,'4',null);
Insert into BMS_CYH.SALESINFO (SALESNUM,GUESTID,SALESDAY,ISBN,SALESSTOCK,STATE,CLOSING) values (122,'1',to_date('17/07/03','RR/MM/DD'),'1358387338',10,'4',null);
Insert into BMS_CYH.SALESINFO (SALESNUM,GUESTID,SALESDAY,ISBN,SALESSTOCK,STATE,CLOSING) values (123,'1',to_date('17/07/03','RR/MM/DD'),'1674230',10,'4',null);
Insert into BMS_CYH.SALESINFO (SALESNUM,GUESTID,SALESDAY,ISBN,SALESSTOCK,STATE,CLOSING) values (81,'1',to_date('17/06/26','RR/MM/DD'),'8932029997',5,'3',null);
Insert into BMS_CYH.SALESINFO (SALESNUM,GUESTID,SALESDAY,ISBN,SALESSTOCK,STATE,CLOSING) values (82,'1',to_date('17/06/26','RR/MM/DD'),'8932029997',10,'3',210000);
Insert into BMS_CYH.SALESINFO (SALESNUM,GUESTID,SALESDAY,ISBN,SALESSTOCK,STATE,CLOSING) values (83,'1',to_date('17/06/26','RR/MM/DD'),'8954645062',10,'1',120000);
Insert into BMS_CYH.SALESINFO (SALESNUM,GUESTID,SALESDAY,ISBN,SALESSTOCK,STATE,CLOSING) values (93,'1',to_date('17/06/27','RR/MM/DD'),'8954645062',10,'4',null);
Insert into BMS_CYH.SALESINFO (SALESNUM,GUESTID,SALESDAY,ISBN,SALESSTOCK,STATE,CLOSING) values (94,'1',to_date('17/06/27','RR/MM/DD'),'8954645062',10,'4',null);
Insert into BMS_CYH.SALESINFO (SALESNUM,GUESTID,SALESDAY,ISBN,SALESSTOCK,STATE,CLOSING) values (124,'test',to_date('17/07/04','RR/MM/DD'),'s072536178',10,'1',null);
Insert into BMS_CYH.SALESINFO (SALESNUM,GUESTID,SALESDAY,ISBN,SALESSTOCK,STATE,CLOSING) values (127,'1',to_date('17/07/04','RR/MM/DD'),'1358387338',10,'1',null);
Insert into BMS_CYH.SALESINFO (SALESNUM,GUESTID,SALESDAY,ISBN,SALESSTOCK,STATE,CLOSING) values (128,'1',to_date('17/07/04','RR/MM/DD'),'1358387338',10,'1',null);
Insert into BMS_CYH.SALESINFO (SALESNUM,GUESTID,SALESDAY,ISBN,SALESSTOCK,STATE,CLOSING) values (129,'1',to_date('17/07/04','RR/MM/DD'),'1674230',10,'1',null);
Insert into BMS_CYH.SALESINFO (SALESNUM,GUESTID,SALESDAY,ISBN,SALESSTOCK,STATE,CLOSING) values (130,'1',to_date('17/07/04','RR/MM/DD'),'1674240',10,'1',null);
Insert into BMS_CYH.SALESINFO (SALESNUM,GUESTID,SALESDAY,ISBN,SALESSTOCK,STATE,CLOSING) values (131,'1',to_date('17/07/04','RR/MM/DD'),'6000797176',10,'1',null);
Insert into BMS_CYH.SALESINFO (SALESNUM,GUESTID,SALESDAY,ISBN,SALESSTOCK,STATE,CLOSING) values (132,'1',to_date('17/07/04','RR/MM/DD'),'1358387338',1,'1',null);
Insert into BMS_CYH.SALESINFO (SALESNUM,GUESTID,SALESDAY,ISBN,SALESSTOCK,STATE,CLOSING) values (133,'1',to_date('17/07/04','RR/MM/DD'),'1674230',1,'1',null);
Insert into BMS_CYH.SALESINFO (SALESNUM,GUESTID,SALESDAY,ISBN,SALESSTOCK,STATE,CLOSING) values (134,'1',to_date('17/07/04','RR/MM/DD'),'1674240',1,'1',null);
Insert into BMS_CYH.SALESINFO (SALESNUM,GUESTID,SALESDAY,ISBN,SALESSTOCK,STATE,CLOSING) values (135,'1',to_date('17/07/04','RR/MM/DD'),'6000781928',1,'1',null);
Insert into BMS_CYH.SALESINFO (SALESNUM,GUESTID,SALESDAY,ISBN,SALESSTOCK,STATE,CLOSING) values (136,'1',to_date('17/07/04','RR/MM/DD'),'6000797176',1,'1',null);
Insert into BMS_CYH.SALESINFO (SALESNUM,GUESTID,SALESDAY,ISBN,SALESSTOCK,STATE,CLOSING) values (146,'1',to_date('17/07/06','RR/MM/DD'),'8932029997',1,'1',null);
Insert into BMS_CYH.SALESINFO (SALESNUM,GUESTID,SALESDAY,ISBN,SALESSTOCK,STATE,CLOSING) values (147,'1',to_date('17/07/06','RR/MM/DD'),'8954645062',1,'1',null);
Insert into BMS_CYH.SALESINFO (SALESNUM,GUESTID,SALESDAY,ISBN,SALESSTOCK,STATE,CLOSING) values (148,'1',to_date('17/07/06','RR/MM/DD'),'k492535338',1,'1',null);
Insert into BMS_CYH.SALESINFO (SALESNUM,GUESTID,SALESDAY,ISBN,SALESSTOCK,STATE,CLOSING) values (149,'1',to_date('17/07/06','RR/MM/DD'),'8932029997',1,'1',null);
Insert into BMS_CYH.SALESINFO (SALESNUM,GUESTID,SALESDAY,ISBN,SALESSTOCK,STATE,CLOSING) values (150,'1',to_date('17/07/06','RR/MM/DD'),'8954645062',1,'1',null);
Insert into BMS_CYH.SALESINFO (SALESNUM,GUESTID,SALESDAY,ISBN,SALESSTOCK,STATE,CLOSING) values (161,'1',to_date('17/07/07','RR/MM/DD'),'k492535338',7,'0',null);
Insert into BMS_CYH.SALESINFO (SALESNUM,GUESTID,SALESDAY,ISBN,SALESSTOCK,STATE,CLOSING) values (105,'asdf',to_date('17/06/29','RR/MM/DD'),'8932029997',10,'1',null);
Insert into BMS_CYH.SALESINFO (SALESNUM,GUESTID,SALESDAY,ISBN,SALESSTOCK,STATE,CLOSING) values (106,'asdf',to_date('17/06/29','RR/MM/DD'),'8954645062',10,'1',null);
Insert into BMS_CYH.SALESINFO (SALESNUM,GUESTID,SALESDAY,ISBN,SALESSTOCK,STATE,CLOSING) values (137,'1',to_date('17/07/04','RR/MM/DD'),'1358387338',10,'1',null);
Insert into BMS_CYH.SALESINFO (SALESNUM,GUESTID,SALESDAY,ISBN,SALESSTOCK,STATE,CLOSING) values (138,'1',to_date('17/07/04','RR/MM/DD'),'1674230',10,'1',null);
Insert into BMS_CYH.SALESINFO (SALESNUM,GUESTID,SALESDAY,ISBN,SALESSTOCK,STATE,CLOSING) values (139,'1',to_date('17/07/04','RR/MM/DD'),'1674240',10,'1',null);
Insert into BMS_CYH.SALESINFO (SALESNUM,GUESTID,SALESDAY,ISBN,SALESSTOCK,STATE,CLOSING) values (140,'1',to_date('17/07/04','RR/MM/DD'),'6000797176',10,'2',null);
Insert into BMS_CYH.SALESINFO (SALESNUM,GUESTID,SALESDAY,ISBN,SALESSTOCK,STATE,CLOSING) values (141,'1',to_date('17/07/04','RR/MM/DD'),'1358387338',1,'1',null);
Insert into BMS_CYH.SALESINFO (SALESNUM,GUESTID,SALESDAY,ISBN,SALESSTOCK,STATE,CLOSING) values (142,'1',to_date('17/07/04','RR/MM/DD'),'1674230',1,'1',null);
Insert into BMS_CYH.SALESINFO (SALESNUM,GUESTID,SALESDAY,ISBN,SALESSTOCK,STATE,CLOSING) values (143,'1',to_date('17/07/04','RR/MM/DD'),'1674240',1,'1',null);
Insert into BMS_CYH.SALESINFO (SALESNUM,GUESTID,SALESDAY,ISBN,SALESSTOCK,STATE,CLOSING) values (144,'1',to_date('17/07/04','RR/MM/DD'),'6000781928',1,'1',null);
Insert into BMS_CYH.SALESINFO (SALESNUM,GUESTID,SALESDAY,ISBN,SALESSTOCK,STATE,CLOSING) values (145,'1',to_date('17/07/04','RR/MM/DD'),'6000797176',1,'4',null);
--------------------------------------------------------
--  DDL for Index SYS_C007166
--------------------------------------------------------

  CREATE UNIQUE INDEX "BMS_CYH"."SYS_C007166" ON "BMS_CYH"."BOARD" ("NUM") 
  PCTFREE 10 INITRANS 2 MAXTRANS 255 COMPUTE STATISTICS 
  STORAGE(INITIAL 65536 NEXT 1048576 MINEXTENTS 1 MAXEXTENTS 2147483645
  PCTINCREASE 0 FREELISTS 1 FREELIST GROUPS 1 BUFFER_POOL DEFAULT FLASH_CACHE DEFAULT CELL_FLASH_CACHE DEFAULT)
  TABLESPACE "USERS" ;
--------------------------------------------------------
--  DDL for Index SYS_C007093
--------------------------------------------------------

  CREATE UNIQUE INDEX "BMS_CYH"."SYS_C007093" ON "BMS_CYH"."BOOK" ("ISBN") 
  PCTFREE 10 INITRANS 2 MAXTRANS 255 COMPUTE STATISTICS 
  STORAGE(INITIAL 65536 NEXT 1048576 MINEXTENTS 1 MAXEXTENTS 2147483645
  PCTINCREASE 0 FREELISTS 1 FREELIST GROUPS 1 BUFFER_POOL DEFAULT FLASH_CACHE DEFAULT CELL_FLASH_CACHE DEFAULT)
  TABLESPACE "USERS" ;
--------------------------------------------------------
--  DDL for Index SYS_C007147
--------------------------------------------------------

  CREATE UNIQUE INDEX "BMS_CYH"."SYS_C007147" ON "BMS_CYH"."GUEST" ("GUESTID") 
  PCTFREE 10 INITRANS 2 MAXTRANS 255 COMPUTE STATISTICS 
  STORAGE(INITIAL 65536 NEXT 1048576 MINEXTENTS 1 MAXEXTENTS 2147483645
  PCTINCREASE 0 FREELISTS 1 FREELIST GROUPS 1 BUFFER_POOL DEFAULT FLASH_CACHE DEFAULT CELL_FLASH_CACHE DEFAULT)
  TABLESPACE "USERS" ;
--------------------------------------------------------
--  Constraints for Table BOARD
--------------------------------------------------------

  ALTER TABLE "BMS_CYH"."BOARD" ADD PRIMARY KEY ("NUM")
  USING INDEX PCTFREE 10 INITRANS 2 MAXTRANS 255 COMPUTE STATISTICS 
  STORAGE(INITIAL 65536 NEXT 1048576 MINEXTENTS 1 MAXEXTENTS 2147483645
  PCTINCREASE 0 FREELISTS 1 FREELIST GROUPS 1 BUFFER_POOL DEFAULT FLASH_CACHE DEFAULT CELL_FLASH_CACHE DEFAULT)
  TABLESPACE "USERS"  ENABLE;
  ALTER TABLE "BMS_CYH"."BOARD" MODIFY ("PASSWD" NOT NULL ENABLE);
  ALTER TABLE "BMS_CYH"."BOARD" MODIFY ("WRITER" NOT NULL ENABLE);
--------------------------------------------------------
--  Constraints for Table BOOK
--------------------------------------------------------

  ALTER TABLE "BMS_CYH"."BOOK" ADD PRIMARY KEY ("ISBN")
  USING INDEX PCTFREE 10 INITRANS 2 MAXTRANS 255 COMPUTE STATISTICS 
  STORAGE(INITIAL 65536 NEXT 1048576 MINEXTENTS 1 MAXEXTENTS 2147483645
  PCTINCREASE 0 FREELISTS 1 FREELIST GROUPS 1 BUFFER_POOL DEFAULT FLASH_CACHE DEFAULT CELL_FLASH_CACHE DEFAULT)
  TABLESPACE "USERS"  ENABLE;
--------------------------------------------------------
--  Constraints for Table GUEST
--------------------------------------------------------

  ALTER TABLE "BMS_CYH"."GUEST" ADD PRIMARY KEY ("GUESTID")
  USING INDEX PCTFREE 10 INITRANS 2 MAXTRANS 255 COMPUTE STATISTICS 
  STORAGE(INITIAL 65536 NEXT 1048576 MINEXTENTS 1 MAXEXTENTS 2147483645
  PCTINCREASE 0 FREELISTS 1 FREELIST GROUPS 1 BUFFER_POOL DEFAULT FLASH_CACHE DEFAULT CELL_FLASH_CACHE DEFAULT)
  TABLESPACE "USERS"  ENABLE;
  ALTER TABLE "BMS_CYH"."GUEST" MODIFY ("GUESTNAME" NOT NULL ENABLE);
  ALTER TABLE "BMS_CYH"."GUEST" MODIFY ("GUESTPW" NOT NULL ENABLE);
  ALTER TABLE "BMS_CYH"."GUEST" MODIFY ("GUESTNUM" NOT NULL ENABLE);
